<?xml version="1.0" encoding="UTF-8"?>
<!--
 Licensed to the Apache Software Foundation (ASF) under one or more
 contributor license agreements.  See the NOTICE file distributed with
 this work for additional information regarding copyright ownership.
 The ASF licenses this file to You under the Apache License, Version 2.0
 (the "License"); you may not use this file except in compliance with
 the License.  You may obtain a copy of the License at

      http://www.apache.org/licenses/LICENSE-2.0

 Unless required by applicable law or agreed to in writing, software
 distributed under the License is distributed on an "AS IS" BASIS,
 WITHOUT WARRANTIES OR CONDITIONS OF ANY KIND, either express or implied.
 See the License for the specific language governing permissions and
 limitations under the License.

-->
<project name="log4php" xmlns="http://maven.apache.org/DECORATION/1.0.0"
        xmlns:xsi="http://www.w3.org/2001/XMLSchema-instance"
        xsi:schemaLocation="http://maven.apache.org/DECORATION/1.0.0 http://maven.apache.org/xsd/decoration-1.0.0.xsd">
  <bannerLeft>
    <name>Apache Logging Services Project</name>
    <src>images/ls-logo.jpg</src>
    <href>http://logging.apache.org/</href>
  </bannerLeft>  
  <bannerRight>
    <name>Apache Incubator</name>
    <src>images/apache-incubator-logo.png</src>
    <href>http://incubator.apache.org/</href>
  </bannerRight>
  <body>
        <breadcrumbs>
          <item name="Apache" href="http://www.apache.org/"/>
          <item name="Incubator" href="http://incubator.apache.org/"/>
          <item name="log4php" href="http://incubator.apache.org:80/log4php/"/>
        </breadcrumbs>

        <menu name="About log4php">
           <item name="What is it?" href="/index.html"/>
           <item name="Who uses it?" href="/showcase.html"/>
        </menu>
  
        <menu name="Get log4php">
           <item name="Download" href="/download.html"/>
           <item name="Install" href="/install.html"/>
           <item name="Upgrading" href="/upgrading.html"/>
        </menu>

		<menu name="User Documentation">
            <item name="Quick start" href="/quickstart.html"/>
            <item name="Manual" collapse="false" href="/docs/introduction.html">
			    <item name="Introduction" href="/docs/introduction.html"/>
			    <item name="Configuration" href="/docs/configuration.html"/>
			    <item name="Appender" href="/docs/appenders.html"/>
			    <item name="Layout" href="/docs/appender-layout.html"/>
			    <item name="Threshold" href="/docs/appender-threshold.html"/>
		  	    <item name="Filter" href="/docs/appender-filter.html"/>
			    <item name="Renderer" href="/docs/renderer.html"/> 
			    <item name="Performance" href="/docs/performance.html"/>
			</item>
            <item name="PHPDoc" href="/apidocs/index.html"/>
        </menu>
        
        <menu name="Community">
            <item name="Mailing Lists" href="/mail-lists.html"/>
            <item name="Issue Tracking" href="/issue-tracking.html"/>
            <item name="Wiki" href="http://wiki.apache.org/logging/Log4PHP"/>
            <item name="Blog" href="http://blogs.apache.org/log4php/"/>
        </menu>
        
        <menu name="Developers">
            <item name="Volunteering" href="/volunteering.html"/>
            <item name="Contributing Patches" href="/contributingpatches.html"/>            
            <item name="Roadmap" href="/roadmap.html"/>
            <item name="Code Coverage" href="/coverage-report/index.html"/>
        </menu>
        
        <menu ref="reports"/>
        
        <menu name="Apache">
        	<item name="Home" href="http://www.apache.org"/>	
        	<item name="Sponsorship" href="http://www.apache.org/foundation/sponsorship.html"/>
        	<item name="Thanks" href="http://www.apache.org/foundation/thanks.html"/>
        	<item name="Conferences" href="http://www.apachecon.com"/>
        </menu>

  </body>
</project>
